{"cameraMode":{"drawMode":0,"name":"Shaded","section":"Shading Mode"},"sceneLighting":true,"audioPlay":false,"sceneViewState":{"showFog":true,"showMaterialUpdate":true,"showSkybox":true,"showFlares":true,"showImageEffects":true,"showParticleSystems":true},"in2DMode":false,"pivot":{"x":6.572201728820801,"y":-7.541240692138672,"z":28.20552635192871},"rotation":{"x":-0.15497331321239472,"y":-0.21104049682617188,"z":0.03390863537788391,"w":-0.9645377397537231},"size":44.692996978759769,"orthographic":false}